{"loss_en_prueba": 0.7180230021476746, "recall_en_prueba": {"Mr": 0.07509232312440872, "As": 0.0, "Tr": 0.0}, "precision_en_prueba": {"Mr": 0.9838709831237793, "As": 0.0, "Tr": 0.0}}