{"loss_en_prueba": 0.6806857585906982, "recall_en_prueba": {"Mr": 0.11104036867618561, "AS": 0.0, "Tr": 0.0}, "precision_en_prueba": {"Mr": 0.6601060032844543, "AS": 0.0, "Tr": 0.0}}