{"loss_en_prueba": 0.7604842782020569, "recall_en_prueba": {"Mr": 1.0}, "precision_en_prueba": {"Mr": 0.36263737082481384}}